target,numax(smooth),numax(smooth)_err,maxamp(smooth),maxamp(smooth)_err,numax(gauss),numax(gauss)_err,maxamp(gauss),maxamp(gauss)_err,fwhm,fwhm_err,dnu,dnu_err
310836777,30.19981016702191,1.3776709400638367,5.499424175038468e-09,3.5321737778988025e-09,30.195024727048917,1.535943647700509,4.7369839189618255e-09,2.9804041211462005e-09,2.0319865292498487,0.5339689214683837,3.2596728863183917,0.6888354700319184
