target,numax(smooth),numax(smooth)_err,maxamp(smooth),maxamp(smooth)_err,numax(gauss),numax(gauss)_err,maxamp(gauss),maxamp(gauss)_err,fwhm,fwhm_err,dnu,dnu_err
310836777,30.19981016702191,2.066506410095755,5.499424175038468e-09,3.335174746809912e-09,30.09309108853656,1.8256971125857022,5.272724681314102e-09,3.216681877542593e-09,2.259318416588411,0.4555235766571726,3.2596728863183917,0.688835470031919
