target,numax,dnu,snr
310836777,5760.651798165752,218.5337740722244,-0.0006592797404638855
