target,numax(smooth),numax(smooth)_err,maxamp(smooth),maxamp(smooth)_err,numax(gauss),numax(gauss)_err,maxamp(gauss),maxamp(gauss)_err,fwhm,fwhm_err,dnu,dnu_err
310836777,30.19981016702191,0.6888354700319184,5.499424175038468e-09,1.0659601613432392e-09,30.09309108853656,0.9811060636453383,5.272724681314102e-09,8.708469937169941e-10,2.259318416588411,0.18722978259368944,3.2596728863183917,0.6778855073971433
