target,numax(smooth),numax(smooth)_err,maxamp(smooth),maxamp(smooth)_err,numax(gauss),numax(gauss)_err,maxamp(gauss),maxamp(gauss)_err,fwhm,fwhm_err,dnu,dnu_err
334753043,204.95664927602832,5.831178350164236,6.577332515787606e-11,3.025201578041612e-11,204.95664927602832,5.831178350164236,1e-10,0.0,9.580573574001784,0.0,14.61535132540663,0.0
