target,numax(smooth),numax(smooth)_err,maxamp(smooth),maxamp(smooth)_err,numax(gauss),numax(gauss)_err,maxamp(gauss),maxamp(gauss)_err,fwhm,fwhm_err,dnu,dnu_err
334753043,204.95664927602832,3.887452233442824,6.577332515787606e-11,3.707250959038216e-11,205.63873861163083,2.9344160641374355,6.731595724590493e-11,3.70098879107422e-11,17.841418944709446,2.3938115381478244,14.61535132540663,0.0
