target,numax(smooth),numax(smooth)_err,maxamp(smooth),maxamp(smooth)_err,numax(gauss),numax(gauss)_err,maxamp(gauss),maxamp(gauss)_err,fwhm,fwhm_err,dnu,dnu_err
230080609,34.941290738270666,1.170712659118856,4.735969783039765e-10,2.9206695328792384e-10,34.941290738270666,1.170712659118856,4.735969783039765e-10,2.9206695328792384e-10,1.3378132278249768,0.0,3.916991022183408,0.1951187765198093
