target,numax(smooth),numax(smooth)_err,maxamp(smooth),maxamp(smooth)_err,numax(gauss),numax(gauss)_err,maxamp(gauss),maxamp(gauss)_err,fwhm,fwhm_err,dnu,dnu_err
24978373,900.3718814734768,3.1679361399560424,3.63385277270539e-11,9.266109081098225e-12,901.0763068521939,3.3437830515943974,3.771874096519154e-11,8.391206009083107e-12,65.38361254136446,3.4388150198884557,27.877879220765774,0.19251545052950214
