target,numax(smooth),numax(smooth)_err,maxamp(smooth),maxamp(smooth)_err,numax(gauss),numax(gauss)_err,maxamp(gauss),maxamp(gauss)_err,fwhm,fwhm_err,dnu,dnu_err
24978373,900.3718814734768,3.531283654216106,3.63385277270539e-11,8.153541295668809e-12,900.3718814734768,3.531283654216106,1e-10,0.0,39.75116776832394,0.0,27.877879220765774,0.20438297677135417
