target,numax(smooth),numax(smooth)_err,maxamp(smooth),maxamp(smooth)_err,numax(gauss),numax(gauss)_err,maxamp(gauss),maxamp(gauss)_err,fwhm,fwhm_err,dnu,dnu_err
353988778,250.90617179552893,1.8536288727708137,2.383297877315217e-11,3.906920546446167e-12,251.5644404232353,2.420895276676579,2.4811521299188085e-11,3.9628391442476834e-12,19.334441030697075,0.9477191812312888,17.098323147104008,0.1463391215345382
