target,numax(smooth),numax(smooth)_err,maxamp(smooth),maxamp(smooth)_err,numax(gauss),numax(gauss)_err,maxamp(gauss),maxamp(gauss)_err,fwhm,fwhm_err,dnu,dnu_err
353988778,250.90617179552893,2.1219172622508014,2.383297877315217e-11,4.3084463206799085e-12,250.90617179552893,2.1219172622508014,1e-10,0.0,11.165329312345337,0.0,17.098323147104008,0.09755941435636056
