target,numax(smooth),numax(smooth)_err,maxamp(smooth),maxamp(smooth)_err,numax(gauss),numax(gauss)_err,maxamp(gauss),maxamp(gauss)_err,fwhm,fwhm_err,dnu,dnu_err
444865362,162.72010776048776,3.9121490718027676,3.601804759353454e-11,2.1942331633591797e-11,162.72010776048776,3.9121490718027676,1e-10,0.0,7.120190732838771,0.0,13.333846138307823,0.6520248453004569
