target,numax(smooth),numax(smooth)_err,maxamp(smooth),maxamp(smooth)_err,numax(gauss),numax(gauss)_err,maxamp(gauss),maxamp(gauss)_err,fwhm,fwhm_err,dnu,dnu_err
95473936,940.3911082015684,16.89343996559005,1.436810887262318e-12,5.279883544774051e-13,956.5434131700046,26.61778596140388,1.3621274855947503e-12,4.982240050165699e-13,105.70616827177074,26.42924745431874,49.76717492654801,3.1028767283737135
