target,numax(smooth),numax(smooth)_err,maxamp(smooth),maxamp(smooth)_err,numax(gauss),numax(gauss)_err,maxamp(gauss),maxamp(gauss)_err,fwhm,fwhm_err,dnu,dnu_err
95473936,940.3911082015684,23.443957503267974,1.436810887262318e-12,4.929404658932239e-13,940.3911082015684,23.443957503267974,1e-10,0.0,42.41337294345031,0.0,49.76717492654801,3.4476408093041306
