target,numax(smooth),numax(smooth)_err,maxamp(smooth),maxamp(smooth)_err,numax(gauss),numax(gauss)_err,maxamp(gauss),maxamp(gauss)_err,fwhm,fwhm_err,dnu,dnu_err
284627497,30.77313893616512,0.3190512171827946,1.2521346332213546e-08,3.288428209521014e-09,31.3593393126814,0.6343286339650519,1.201678421935787e-08,2.716435151211476e-09,3.6216234664070073,0.46165779771946,3.786537163051784,0.11964420644354766
