target,numax(smooth),numax(smooth)_err,maxamp(smooth),maxamp(smooth)_err,numax(gauss),numax(gauss)_err,maxamp(gauss),maxamp(gauss)_err,fwhm,fwhm_err,dnu,dnu_err
284627497,30.77313893616512,0.7178652386612853,1.2521346332213546e-08,3.261823730899214e-09,31.341217072896633,0.7458558988777145,1.1840163451967148e-08,3.1745645728092225e-09,3.4981752635445265,0.4518991600254459,3.786537163051784,0.07976280429569865
