target,numax(smooth),numax(smooth)_err,maxamp(smooth),maxamp(smooth)_err,numax(gauss),numax(gauss)_err,maxamp(gauss),maxamp(gauss)_err,fwhm,fwhm_err,dnu,dnu_err
252183048,38.68913530332491,0.6910915401538898,4.758814868620492e-09,2.1505045570779357e-09,38.904854998923994,0.6805191834591375,4.6058939096413584e-09,2.1367170179637824e-09,4.973302419467532,1.4907286475796009,3.8740333442692574,0.34554577007694626
