target,numax(smooth),numax(smooth)_err,maxamp(smooth),maxamp(smooth)_err,numax(gauss),numax(gauss)_err,maxamp(gauss),maxamp(gauss)_err,fwhm,fwhm_err,dnu,dnu_err
252183048,38.68913530332491,1.03663731023084,4.758814868620492e-09,1.8277996578232244e-09,38.7834726965123,1.3414112798422033,4.127887408376642e-09,1.731222951983528e-09,4.617461075091113,0.7183666253913255,3.8740333442692574,0.34554577007694626
