target,numax(smooth),numax(smooth)_err,maxamp(smooth),maxamp(smooth)_err,numax(gauss),numax(gauss)_err,maxamp(gauss),maxamp(gauss)_err,fwhm,fwhm_err,dnu,dnu_err
441797545,37.902434550266456,1.2682726322271676,2.7832055456991867e-09,5.053667426719781e-10,38.06047976046532,0.7112830193072089,2.6674034127573278e-09,4.436506718273427e-10,5.006074249178241,0.3538872174579307,4.335837927607126,0.34145801636885276
