target,numax(smooth),numax(smooth)_err,maxamp(smooth),maxamp(smooth)_err,numax(gauss),numax(gauss)_err,maxamp(gauss),maxamp(gauss)_err,fwhm,fwhm_err,dnu,dnu_err
441797545,37.90243455026646,1.0975436240427434,2.7832055462010558e-09,4.205671674261389e-10,38.05529278885996,0.6964299438113872,2.885069430007681e-09,3.844946832622724e-10,5.688950821682266,0.6084692150795958,4.335837927607127,0.2926782997447317
