target,numax(smooth),numax(smooth)_err,maxamp(smooth),maxamp(smooth)_err,numax(gauss),numax(gauss)_err,maxamp(gauss),maxamp(gauss)_err,fwhm,fwhm_err,dnu,dnu_err
293806873,128.36817749625547,4.302299917587921,1.584700159814814e-10,3.687772321669262e-11,128.36817749625547,4.302299917587921,1.584700159814814e-10,3.687772321669262e-11,5.803760395030487,0.0,10.379922765387631,0.18504515774571484
