target,numax(smooth),numax(smooth)_err,maxamp(smooth),maxamp(smooth)_err,numax(gauss),numax(gauss)_err,maxamp(gauss),maxamp(gauss)_err,fwhm,fwhm_err,dnu,dnu_err
293806873,128.36817749625547,5.04248054857078,1.584700159814814e-10,3.060504612451064e-11,126.10384433529902,2.6043507514199566,1.7036033708743307e-10,3.523507653693691e-11,15.57010836064635,1.4717522499618294,10.450637510831749,0.18504515774571614
