target,numax(smooth),numax(smooth)_err,maxamp(smooth),maxamp(smooth)_err,numax(gauss),numax(gauss)_err,maxamp(gauss),maxamp(gauss)_err,fwhm,fwhm_err,dnu,dnu_err
224312054,40.28552300756146,0.9156324000008242,2.8505747267534896e-09,7.072134051264494e-10,41.13074604506753,0.932397551663571,2.9201459202757606e-09,7.006732504794534e-10,4.128768154469545,0.6138027300306169,4.1364132978478185,0.07043326153852454
