target,numax(smooth),numax(smooth)_err,maxamp(smooth),maxamp(smooth)_err,numax(gauss),numax(gauss)_err,maxamp(gauss),maxamp(gauss)_err,fwhm,fwhm_err,dnu,dnu_err
224312054,40.28552300756146,1.0212822923086031,2.8505747267534896e-09,8.499095943870516e-10,41.105399140180104,0.8835993715305854,2.898349981122968e-09,9.681923404029534e-10,4.428902117510412,0.68978825816368,4.1364132978478185,0.14086652307704908
