target,numax(smooth),numax(smooth)_err,maxamp(smooth),maxamp(smooth)_err,numax(gauss),numax(gauss)_err,maxamp(gauss),maxamp(gauss)_err,fwhm,fwhm_err,dnu,dnu_err
376975340,42.87056049525304,0.7316959489505892,1.481756700509721e-09,3.1543102250857835e-10,42.7265162716496,0.8313107853042083,1.3142523889388282e-09,3.143161926454864e-10,5.30811731420493,0.9522823650236047,4.264582696572706,0.04877972993003989
