target,numax(smooth),numax(smooth)_err,maxamp(smooth),maxamp(smooth)_err,numax(gauss),numax(gauss)_err,maxamp(gauss),maxamp(gauss)_err,fwhm,fwhm_err,dnu,dnu_err
376975340,42.87056049525304,0.6097466241254875,1.481756700509721e-09,3.8208378866383956e-10,42.59570537849667,0.9295913514070773,1.3778274294971678e-09,3.406752498445567e-10,5.842736968076358,1.0829324355771357,4.264582696572706,0.04877972993003858
