target,numax(smooth),numax(smooth)_err,maxamp(smooth),maxamp(smooth)_err,numax(gauss),numax(gauss)_err,maxamp(gauss),maxamp(gauss)_err,fwhm,fwhm_err,dnu,dnu_err
165722603,38.4922602826307,0.3483661572661245,4.836161891551128e-09,1.1078294653493025e-09,38.56452164724256,0.6140084614376361,4.535284424428438e-09,1.0298357140148943e-09,4.347806589567848,0.8131840070481904,4.065634284691917,0.1266786026422271
