target,numax(smooth),numax(smooth)_err,maxamp(smooth),maxamp(smooth)_err,numax(gauss),numax(gauss)_err,maxamp(gauss),maxamp(gauss)_err,fwhm,fwhm_err,dnu,dnu_err
165722603,38.4922602826307,0.570053711890022,4.836161891551128e-09,1.0993018161320244e-09,38.553564366309615,0.5552225808874226,4.494805474317585e-09,1.0051464750199153e-09,4.253441155693596,0.4552536632208618,4.065634284691917,0.06333930132111355
