target,numax,dnu,snr
159580128,577.5492200341289,34.94693684691584,5.048414281508659
