target,numax(smooth),numax(smooth)_err,maxamp(smooth),maxamp(smooth)_err,numax(gauss),numax(gauss)_err,maxamp(gauss),maxamp(gauss)_err,fwhm,fwhm_err,dnu,dnu_err
159580128,595.9479391997911,13.836411985235316,5.7314634993035825e-12,7.120826638529268e-13,585.8356301495047,1.7280562941677284,5.91798699112918e-12,5.374226966889084e-13,62.540304556921825,1.0760498577736344,38.44793932335747,2.9751057192408545
