target,numax(smooth),numax(smooth)_err,maxamp(smooth),maxamp(smooth)_err,numax(gauss),numax(gauss)_err,maxamp(gauss),maxamp(gauss)_err,fwhm,fwhm_err,dnu,dnu_err
159580128,595.9479391997911,18.119110933046276,5.7314634993035825e-12,3.5441479108298355e-12,585.8356301495047,11.506909282880148,5.91798699112918e-12,2.9804110540415447e-12,62.540304556921825,14.837857162719176,38.44793932335747,1.3177535224033599
