target,numax(smooth),numax(smooth)_err,maxamp(smooth),maxamp(smooth)_err,numax(gauss),numax(gauss)_err,maxamp(gauss),maxamp(gauss)_err,fwhm,fwhm_err,dnu,dnu_err
159580128,595.9479391997911,20.42517959725202,5.7314634993035825e-12,2.5378967380398404e-12,595.9479391997911,20.42517959725202,1e-10,0.0,26.774889984033766,0.0,38.44793932335747,3.2943838060083945
