target,numax(smooth),numax(smooth)_err,maxamp(smooth),maxamp(smooth)_err,numax(gauss),numax(gauss)_err,maxamp(gauss),maxamp(gauss)_err,fwhm,fwhm_err,dnu,dnu_err
459186567,27.760358025753895,0.7577459297619732,1.0149677003225572e-08,2.5052171142106933e-09,27.98081557037494,1.2497341311913572,9.93350325881123e-09,2.573600683290406e-09,2.5578015915366223,0.5168611342554452,3.4020971087021357,0.7577459297619742
