target,numax(smooth),numax(smooth)_err,maxamp(smooth),maxamp(smooth)_err,numax(gauss),numax(gauss)_err,maxamp(gauss),maxamp(gauss)_err,fwhm,fwhm_err,dnu,dnu_err
459186567,27.760358025753895,0.7178645650376629,1.0149677003225572e-08,4.094973160091607e-09,27.970620552768544,0.8224959712882404,1.0365842182608482e-08,4.026222907128666e-09,2.330939957768619,0.5214414448613058,3.4020971087021357,0.5184577414160875
