target,numax(smooth),numax(smooth)_err,maxamp(smooth),maxamp(smooth)_err,numax(gauss),numax(gauss)_err,maxamp(gauss),maxamp(gauss)_err,fwhm,fwhm_err,dnu,dnu_err
459186567,27.760358025753895,0.47857637669177533,1.0149677003225572e-08,1.2764390008926123e-09,27.98081557037494,0.9080928386914784,9.93350325881123e-09,7.245860601067611e-10,2.5578015915366223,0.29244853524116216,3.4020971087021357,0.17843022456691754
