target,numax(smooth),numax(smooth)_err,maxamp(smooth),maxamp(smooth)_err,numax(gauss),numax(gauss)_err,maxamp(gauss),maxamp(gauss)_err,fwhm,fwhm_err,dnu,dnu_err
367912480,187.55134745595177,0.74558521487669,3.4217085129920733e-10,2.5767764904896726e-11,187.91423517447853,0.9319587826359477,3.4346557562682314e-10,2.3902887370430573e-11,19.540328855120507,1.0418968449375035,14.458018803966006,0.0784826541975452
