target,numax(smooth),numax(smooth)_err,maxamp(smooth),maxamp(smooth)_err,numax(gauss),numax(gauss)_err,maxamp(gauss),maxamp(gauss)_err,fwhm,fwhm_err,dnu,dnu_err
367912480,187.55134745595177,1.1772398129631991,3.4217085129920733e-10,5.82903462490063e-11,187.55134745595177,1.1772398129631991,3.4217085129920733e-10,5.82903462490063e-11,8.930077300484715,0.0,14.457729845432798,0.07848265419754784
