target,numax(smooth),numax(smooth)_err,maxamp(smooth),maxamp(smooth)_err,numax(gauss),numax(gauss)_err,maxamp(gauss),maxamp(gauss)_err,fwhm,fwhm_err,dnu,dnu_err
224598071,38.53614233538368,1.4309942423148108,2.0694440961762248e-09,4.877692685015601e-10,37.05485256169276,1.2066144740820652,1.902496278117961e-09,4.921199071833684e-10,5.104621825184039,0.9733455556003008,4.241290251405492,0.3709985072668021
