target,numax(smooth),numax(smooth)_err,maxamp(smooth),maxamp(smooth)_err,numax(gauss),numax(gauss)_err,maxamp(gauss),maxamp(gauss)_err,fwhm,fwhm_err,dnu,dnu_err
224598071,38.53614233538368,2.3319906171056077,2.0694440961762248e-09,3.4003490183594223e-10,36.89305766061134,1.8520718653570516,2.1415325464784234e-09,4.766376200706283e-10,5.785460671248478,0.9102945155063717,4.241290251405492,0.3709985072668018
